NO.,DESCRIPTION ,PROJECT,UNIT,HARGA , SUPPLIER
1,KABEL NYYHY 4 X 2.5,067/25, MTR,"Rp35,000", BORNEO
2,KABEL YSLY 10 X 0.5,067/25, MTR,"Rp26,000", CIKARANG LISTRIK
3,"FLEXSIBLE CONDUIT 1/2""",067/25, MTR,"Rp12,000", BORNEO
4,"GLEN KABEL BESI 1/2""",067/25, PCS,"Rp11,000", BORNEO
5,"KAWAT LAS UMPAN ⌀ 1,6 STAINLESS",STOCK UPE,KG,"Rp125,000", BORNEO
6,TUNGSTEN ⌀ 2.4,UPE, PCS,"Rp20,000", BORNEO
7,STOP KONTAK BROCO 4 LUBANG,UPE, PCS,"Rp40,000", BORNEO
8,INSHERT MILLING (SAMPLE),UPE, PCS,"Rp15,000", ELOK TEKNIK
9,"CUTTING 4"" STEEL",UPE, PCS,"Rp2,500", BORNEO
10,"LAKBAN KERTAS 1""",UPE, PCS,"Rp8,000", BORNEO
11,"SARUNG TANGAN ABU""",UPE,LSN,"Rp19,000", BORNEO
12,KUNCI RING PAS 10,UPE, PCS,"Rp15,000", BORNEO
13,KUNCI RING PAS 17,UPE, PCS,"Rp25,000", BORNEO
14,AMPLAS #100 BELT - 100X915mm,UPE,LBR,"Rp15,000", BORNEO
15,speed control tube 6x1/8 ,079/25, PCS,"Rp47,000", HOKI
16,reducer tube 6x8 ,079/25, PCS,"Rp9,000", HOKI
17,tubbing hitam 6 mm ,079/25, MTR,"Rp6,000", HOKI
18,baut L m8x40,079/25, PCS,"Rp1,200", BORNEO
19,baut Lbutton m8x15,079/25, PCS,Rp950, BORNEO
20,bautL m5x15,079/25, PCS,Rp500, BORNEO
21,baut Lm 8x15 + ring,079/25, PCS,"Rp1,300", BORNEO
22,bautL m8x20 + ring,079/25, PCS,Rp950, BORNEO
23,baut Lm6x55,079/25, PCS,"Rp1,000", BORNEO
24,ANCHOR BOLT 10x60,079/25, PCS,"Rp11,500", BORNEO
25,MATA BOR GRANIT M6,RAILING TANGGA STAINLESS - ASA, PCS,"Rp20,000", EKA JAYA
26,MATA BOR BETON M6,RAILING TANGGA STAINLESS - ASA, PCS,"Rp25,000", INDAH JAYA
27,"MATA POLES SCCOTE BRITE 4""",RAILING TANGGA STAINLESS - ASA, PCS,"Rp10,000", BORNEO
28,"MATA POLES WOL/KAIN 4""",RAILING TANGGA STAINLESS - ASA, PCS,"Rp10,000", BORNEO
29,ANCHOR BOLT 6X50,RAILING TANGGA STAINLESS - ASA, PCS,"Rp7,000", BORNEO
30,"TUTUP PIPA RING BULAT 2"" STAINLESS",RAILING TANGGA STAINLESS - ASA, PCS,"Rp26,000", TANAMAS
31,SEMEN PUTIH,RAILING TANGGA STAINLESS - ASA,KG,"Rp4,000", INDAH JAYA
32,"Gerinda potong 4""",UPE - CUTTING TOOLS, PCS,"Rp2,500", BORNEO
33,"Gerinda flexible 4""",UPE - CUTTING TOOLS, PCS,"Rp8,000", BORNEO
34,Sarung tangan abu 5 Benang,UPE - CUTTING TOOLS,LSN,"Rp19,000", BORNEO
35,Masker,UPE - CUTTING TOOLS,BOX,"Rp20,000", BORNEO
36,Spidol marking,UPE - CUTTING TOOLS, PCS,"Rp15,000", BORNEO
37,"Cutting wheel 16""",UPE - CUTTING TOOLS, PCS,"Rp60,000", BORNEO
38,HOLE SAW ⌀ 22,UPE - CUTTING TOOLS, PCS,"Rp45,000", BORNEO
39,KABEL TIES 250 HITAM,067/25, PACK,"Rp25,000", BORNEO
40,MATA BOR ∅10 CARBIDE SECOND,UPE, PCS,"Rp150,000", ELOK TEKNIK
41,KAWAT LAS UMPAN ARGON ∅2.4,DUCTING MUSASHI ASA,KG,"Rp120,000", BORNEO
42,KAWAT LAS STIK STAINLESS NIKKO STEEL ∅2.6,DUCTING MUSASHI ASA,KG,"Rp185,000", BORNEO
43,B COUNTERSINK M5 X   HTM,067/25, PCS,Rp500, BORNEO
44,FITTING DRAT 3/8 X TUB 10,067/25, PCS,"Rp7,000", BORNEO
45,NUT M5 HTM,067/25, PCS,Rp500, SUMBER JAYA
46,PENJEPIT KERTAS BESAR,UPE - OFFICE,PAK,"Rp20,000", LOTUS
47,ENDMILL 10 - 2 FLUTE SECOND,UPE - MACHINING, PCS,"Rp140,000", ELOK TEKNIK
48,CENTER DRILL - BODY ⌀ 10,UPE, PCS,"Rp35,000", ELOK TEKNIK
49,CAT NIPPE BALTIC WHITE,067/25 & 079/25,KLG,"Rp95,000", INDAH JAYA
50,CAT NIPPE SUPER WHITE,067/25 & 079/25,KLG,"Rp95,000", INDAH JAYA
51,THINNER NIPPE ( 1 LTR ),067/25 & 079/25,KLG,"Rp35,000", INDAH JAYA
52,METERAN 7.5 MTR,UPE-FAIZIN, PCS,"Rp130,000", INDAH JAYA
53,"CUTTING 4"" STEEL",UPE, PCS,"Rp2,500", BORNEO
54,"FLAP DISC 4"" TAIYO",UPE, PCS,"Rp8,000", BORNEO
55,"SARUNG TANGAN ABU""",UPE,LSN,"Rp19,000", BORNEO
56,SCOTE BRITE 3M,UPE, PCS,"Rp12,000", BORNEO
57,CARBON BRUSH CB459,UPE,SET,"Rp35,000", BORNEO
58,"Contac tip LAS CO ⌀0,8 mm",UPE,PCS,"Rp10,000", BORNEO
59,L TANAM M8X15 HITAM ,PINTU AIR - ITP, PCS,Rp850, BORNEO
60,SNAP RING LUAR ∅35 ,PINTU AIR - ITP, PCS,"Rp2,500", BORNEO
61,MATERAI 10.000,UPE,PCS,"Rp12,000", GOMBONG DIGITAL
62,MATERAI 10.000,UPE,PCS,"Rp11,000", LOTUS
63,ODNER A4 HITAM - BAMBI,UPE - MANUAL BOOK,PCS,"Rp28,000", LOTUS
64,KERTAS A4 COPYPAPPER,UPE - MANUAL BOOK,RIM,"Rp38,000", LOTUS
65,"POLES 4"" NRS",UPE, PCS,"Rp11,000", BORNEO
66,"ULTRAFLEX 4"" AC",UPE, PCS,"Rp8,000", BORNEO
67,OBAT NYAMUK SMPROTAN KECIL ,UPE, PCS,"Rp17,000", INDO/ALFA
68,NOZLE LAS CO 350A,UPE,PCS,"Rp25,000", BORNEO
69,"LAKBAN KAIN 2"" PUTIH",DQA - ITP,ROLL,"Rp15,000", BORNEO
70,"BULU ROL 4"" KECIL",DQA - ITP, PCS,"Rp8,000", BORNEO
71,"KUAS 2""",DQA - ITP, PCS,"Rp5,000", BORNEO
72,PILOX HITAM DOF,DQA - ITP,KLG,"Rp25,000", INDAH JAYA
73,BAUT ROOFING PANJANG 3CM,DQA - ITP, PCS,Rp350, BORNEO
74,"CAT FTALIT ABU"" - 609",DQA - ITP,KLG,"Rp82,000", INDAH JAYA
75,PLAFON GRC 1X1 mtr,DQA - ITP,LBR,"Rp20,000", INDAH JAYA
76,STIKER CUTTING ANGKA 20X30 cm,DQA - ITP,PCS,"Rp25,000", YUAN STIKER
77,HOLDER MC BUBUT,UPE - MACHINING, PCS,"Rp115,000", TOKOPEDIA
78,MASKER,UPE,BOX,"Rp20,000", BORNEO
79,BISNIS FILE - BIRU,UPE - OFFICE, PCS,"Rp3,000", LOTUS
80,ALAT PEMOTONG RANTAI - MAXPOWER,UPE, PCS,"Rp96,000", BORNEO
81,PENCIL STONE,UPE - CUTTING STOCK,PAK,"Rp15,000", BORNEO
82,AMPLAS BELT,UPE,ROLL,"Rp45,000", BORNEO
83,MATERAI 10.000,UPE,PCS,"Rp11,000", LOTUS
84,CB-459,UPE,SET,"Rp35,000", BORNEO
85,STICKY NOTE,UPE,PAK,"Rp8,000", LOTUS
86,BISNIS FILE A4,UPE,PCS,"Rp3,000", LOTUS
87,"REFIL BULU ROLL 4""",UPE,PCS,"Rp8,000", INDAH JAYA
88,AMPLOP COKLAT F4,UPE,PCS,"Rp10,000", LOTUS
89,SPRAYGUN TABUNG ATAS MEIJI,UPE - PAINTING,SET,"Rp360,000", BORNEO
90,"ULTRAFLEX 4"" AC",UPE - CUTTING TOOLS,PCS,"Rp8,000", BORNEO
91,SABUN SUNLIGHT KECIL,UPE,PCS,"Rp5,000", WARUNG
92,"KAWAT LAS CO - ⌀0,8 - ARTIC",UPE,ROLL,"Rp300,000", BORNEO
93,"SKUN Y 1,25 - 3,5",067/26,PAK,"Rp17,000", BORNEO/OMEGA
94,"SKUN Y 2-4,5",067/26,PAK,"Rp20,000", BORNEO/OMEGA
95,KABEL TIES 200,067/26,PAK,"Rp25,000", BORNEO/OMEGA
96,KERTAS A4  - 70 - COPYPAPPER,UPE - OFFICE,RIM,"Rp38,000", LOTUS
97,CAT FTALIT MILKY WHITE,ITP - PINTU UNPACKING,KLG,"Rp82,000", INDAH JAYA
98,COUPLER MALE - DRAT BAWA SAMPLE,UPE - PAINTING,PCS,"Rp10,000", BORNEO/HOKI
99,MATERAI 10.000,UPE - OFFICE,PCS,"Rp11,000", LOTUS
100,"CARBON BRUSH MC CUTTING WHEEL 14""",UPE - CUTTING TOOLS,SET,"Rp40,000", BORNEO
101,CONTACTIP LAS CO2 - ⌀0.8 - PANJANG,UPE - CUTTING TOOLS,PCS,"Rp10,000", BORNEO
102,"SARUNG TANGAN ABU""",UPE - CUTTING TOOLS,LSN,"Rp19,000", BORNEO
103,"CUTTING 4"" STEEL",UPE - CUTTING TOOLS,PCS,"Rp2,500", BORNEO
104,"ULTRAFLEX 4"" AC",UPE - CUTTING TOOLS,PCS,"Rp8,000", BORNEO
105,"FLAPDISC 4"" #100",UPE - CUTTING TOOLS, PCS,"Rp8,000", BORNEO
106,SCOTE BRITE 3M,UPE - CUTTING TOOLS, PCS,"Rp12,000", BORNEO
107,"CUTTING 16"" NRS",UPE - CUTTING TOOLS, PCS,"Rp60,000", BORNEO
108,"CUTTING 14"" NRS",UPE - CUTTING TOOLS, PCS,"Rp57,000", BORNEO
109,NOZZLE LAS CO2 350A,UPE - CUTTING TOOLS, PCS,"Rp20,000", BORNEO
110,SPIDOL MARKING - YELLOW,UPE - CUTTING TOOLS, PCS,"Rp18,000", BORNEO
111,KAIN MAJUN,UPE - CUTTING TOOLS,KG,"Rp6,000", SAS
112,KOPI ,PANTRY,KG,"Rp26,100", ALFAMART
113,GULA,PANTRY,KG,"Rp17,500", ALFAMART
114,TISU TOILET & TISU WAJAH,PANTRY,PAK,"Rp44,300", ALFAMART
115,ANCHOR BOLT 10x70,Office unpacking SIM TB2, PCS,"Rp10,000", BORNEO
116,B HEX GALV M8x30 - RV RP NUT,Office unpacking SIM TB2, PCS,Rp900, BORNEO
117,LAMPU BOHLAM LED - 9W,UPE - OFFICE,PCS,"Rp20,000", BORNEO
118,LEM KOREA,UPE,PCS,"Rp9,000", BORNEO
119,INSHERT MILLING SEGITIGA (SAMPLE) SECOND,UPE - MACHINING,PCS,"Rp15,000", ELOK/LAMPURA
120,MATERAI 10.000,UPE - OFFICE, PCS,"Rp11,000", LOTUS
121,SABUN COLEK,UPE - VENTRY, PCS,"Rp2,000", ALFA/INDOMART
122,SABUN SUNLIGHT,UPE - VENTRY, PCS,"Rp5,000", ALFA/INDOMART
123,"ULTRAFLEX 4"" AC",UPE - CUTTING TOOLS,PCS,"Rp8,000", BORNEO
124,"CUTTING 16"" NRS",UPE - CUTTING TOOLS,PCS,"Rp60,000", BORNEO
125,"SARUNG TANGAN ABU""",UPE - CUTTING TOOLS,LSN,"Rp19,000", BORNEO
126,"FLAP DISC 4"" #100",UPE - CUTTING TOOLS,PCS,"Rp8,000", BORNEO
127,"CUTTING 4"" - STEEL",UPE - CUTTING TOOLS,PCS,"Rp2,500", BORNEO
128,CARBON BRUSH - CB459,UPE - CUTTING TOOLS,SET,"Rp30,000", BORNEO
129,BAUT L M4X12 HITAM,035/25 & 035/25,PCS,Rp300, ANEKA BAUT
130,KABEL DUCT 33 x 65,PANEL UNPACKING - ITP, PCS,"Rp42,500", OMEGA
131,TERMINAL BLOCK DOUBLE ROW + END PLATE,PANEL UNPACKING - ITP, PCS,"Rp2,000", OMEGA
132,KABEL 4 MM MERAH NYAF,PANEL UNPACKING - ITP, MTR,"Rp15,000", BORNEO
133,ISOLATOR BUSBAR 30 X 40,PANEL UNPACKING - ITP, PCS,"Rp7,500", BORNEO
134,SKUN O 4-5 ,PANEL UNPACKING - ITP,PAK,"Rp82,000", BORNEO
135,BUSBAR 3 X 10 2M,PANEL UNPACKING - ITP, MTR,"Rp140,000", OMEGA
136,BAUT M 5 x 10 EXAGON,PANEL UNPACKING - ITP, PCS,Rp500, BORNEO
137,BAUT M5 x 10 JP,PANEL UNPACKING - ITP, PCS,Rp100, BORNEO
138,KABEL 4 MM KUNING NYAF,PANEL UNPACKING - ITP, MTR,"Rp14,000", JB ELEKTRIK
139,KABEL 4 MM HITAM NYAF,PANEL UNPACKING - ITP, MTR,"Rp15,000", JB ELEKTRIK
140,KABEL 4 MM BIRU NYAF,PANEL UNPACKING - ITP, MTR,"Rp15,000", OMEGA
141,ENGSEL BUBUT 12mm / 1/2”,PANEL UNPACKING - ITP,SET,"Rp15,000", FAJAR JAYA
142,ENGSEL PANEL DALAM 90mm,PANEL UNPACKING - ITP, PCS,"Rp50,000", SINAR ELEKTRIK
143,"Gerinda potong 4"" STEEL",UPE - CUTTING STOCK, PCS,"Rp2,500", BORNEO
144,"Poles 4"" NRS",UPE - CUTTING STOCK, PCS,"Rp11,000", BORNEO
145,"Flap disc 4"" #100",UPE - CUTTING STOCK, PCS,"Rp8,000", BORNEO
146,"ULTRAFLEXIBLE 4"" AC",UPE - CUTTING STOCK, PCS,"Rp8,000", BORNEO
147,"Cutting wheel 16"" NRS",UPE - CUTTING STOCK, PCS,"Rp60,000", BORNEO
148,"Lakban kertas 1"" DAIMARU",UPE - CUTTING STOCK, PCS,"Rp15,000", BORNEO
149,"Refill roll 4"" kecil",UPE - CUTTING STOCK, PCS,"Rp8,000", BORNEO
150,Spidol marking kuning,UPE - CUTTING STOCK, PCS,"Rp18,000", BORNEO
151,"MATA GERINDA BRUSHING 3""",UPE - CUTTING STOCK, PCS,"Rp25,000", BORNEO
152,OLI SHEEL MOBIL GRANDVITARA HX5 15-40,UPE,BTL,"Rp400,000", JASUTRA
153,"MATA GERINDA BRUSHING 3"" KUNINGAN",UPE - CUTTING STOCK, PCS,"Rp12,000", INDAH JAYA
154,TIE MONTH TEMPEL 25X25,PANEL UNPACKING - ITP, PCS,"Rp37,000", BORNEO
155,B HEX GALV M6X10,PANEL UNPACKING - ITP, PCS,Rp200, BORNEO
156,MATA BOR 14.2 - SECOND,UPE -  MACHINING,PCS,"Rp150,000", ELOK TEKNIK
157,TAP MESIN M16 - SECOND,UPE -  MACHINING,PCS,"Rp250,000", LAMPURA
158,"PUSHLOCK 4""",PANEL UNPACKING - ITP, PCS,"Rp92,000", BORNEO
159,"PUSHLOCK 3""",PANEL UNPACKING - ITP, PCS,"Rp22,000", BORNEO
160,"VINILY KABEL 4"" - BIRU",PANEL UNPACKING - ITP,PAK,"Rp26,000", OMEGA
161,PAHAT HSS 10X10 X100,UPE -  MACHINING, PCS,"Rp100,000", ELOK TEKNIK
162,PAYUNG,UPE - SECURITY,PCS,"Rp41,000", MR DIY
163,"CUTTING 4"" STEEL",UPE - CUTTING TOOLS, PCS,"Rp2,500", BORNEO
164,"POLES 4""",UPE - CUTTING TOOLS, PCS,"Rp11,000", BORNEO
165,"ULTRAFLEX 4"" AC",UPE - CUTTING TOOLS, PCS,"Rp8,000", BORNEO
166,"CUTTING WHEEL 16"" NRS",UPE - CUTTING TOOLS, PCS,"Rp60,000", BORNEO
167,"SARUNG TANGAN ABU""",UPE - CUTTING TOOLS,LSN,"Rp19,000", BORNEO
168,LAMPU LED BOHLAM 9WATT,UPE - OFFICE, PCS,"Rp30,000", BORNEO
169,SCOTH BRITE 3M,UPE - CUTTING TOOLS,LBR,"Rp12,000", BORNEO
170,NOZZLE LAS CO 350A = 1 PCS,UPE - CUTTING TOOLS, PCS,"Rp20,000", BORNEO
171,INSULATOR 350A = 1 PCS,UPE - CUTTING TOOLS, PCS,"Rp15,000", BORNEO
172,TIP HOLDER LAS CO2 = 1 PCS,UPE - CUTTING TOOLS, PCS,"Rp15,000", BORNEO
173,CONTACTIP CO2 0.8 = 1 PCS,UPE - CUTTING TOOLS, PCS,"Rp10,000", BORNEO
174,"SOK DRAT GALV 1"" = 2 PCS",074/25, PCS,"Rp15,000", BORNEO
175,NUT M5 GALV = 10 PCS,001/26, PCS,Rp100, BORNEO
176,AS DRAT M5 GALV = 1 BTG,001/26, PCS,"Rp5,000", BORNEO
177,"SOK DRAT BESI 1"" = 2 PCS",074/25, PCS,"Rp50,000", HOKI JAYA
178,"MESIN GERINDA TANGAN - MAKITA M0900B 4""",UPE - FABRIKASI,SET,"Rp425,000", INDAH JAYA
179,INSHERT BUBUT (SAMPLE) - SECOND,UPE - MACHINING,PCS,"Rp15,000", ELOK/LAMPURA
180,"MARKING TUBE ⌀3,5 PUTIH",001/26,MTR,"Rp4,500", OMEGA
181,"MARKING TUBE ⌀4,5 PUTIH",001/26,MTR,"Rp5,000", OMEGA
182,TAP MESIN M5 SPIRAL - SECOND,CHAIN TSUBAKI,PCS,"Rp35,000", ELOK
183,STOP KONTAK DINREL FORT,UPE - ALAT KERJA, PCS,"Rp31,000", BORNEO
184,MCB 6A/2P SCHNEDER,UPE - ALAT KERJA, PCS,"Rp225,000", BORNEO
185,PILOT LAMP PANEL 220v,UPE - ALAT KERJA, PCS,"Rp45,000", JB ELEKTRIK
186,BOX LEGRAN 250X200X160,UPE - ALAT KERJA,BOX,"Rp320,000", OMEGA
187,TIE MONTH TEMPEL 25X25,001/26,PAK,"Rp32,500", OMEGA
188,"CUTTING 4""",UPE - CUTTING STOCK, PCS,"Rp2,500", BORNEO
189,"POLES 4""",UPE - CUTTING STOCK, PCS,"Rp11,000", BORNEO
190,"FLAPDISC 4""",UPE - CUTTING STOCK, PCS,"Rp8,000", BORNEO
191,"FLEXSIBLE 4""",UPE - CUTTING STOCK, PCS,"Rp8,000", BORNEO
192,MASKER,UPE - CUTTING STOCK,BOX,"Rp20,000", BORNEO
193,CAT NIPPE - BALTIC WHITE,PROJECT WASHING - 071/25,KLG,"Rp95,000", INDAH JAYA
194,THINNER NIPPE ,PROJECT WASHING - 071/25,GLN,"Rp130,000", INDAH JAYA
195,KAWAT LAS RB 26 ∅3.2,PROJECT SILO BOGASARI CILINCING,BOX,"Rp150,000", BORNEO
196,KAWAT LAS LB 52 ∅3.2,PROJECT SILO BOGASARI CILINCING,BOX,"Rp200,000", BORNEO
197,MATERAI 10.000,UPE - OFFICE,PCS,"Rp11,000", LOTUS STATIONERY
198,TUNG STEN 2.4mm,UPE - CUTTING STOCK,PCS,"Rp20,000", BORNEO
199,"SKUN Y 1,25 - 3",PROJECT WASHING 071/25,PAK,"Rp22,000", OMEGA
200,"LAKBAN KERTAS 1"" DAIMARU",UPE - CUTTING STOCK, PCS,"Rp8,000", BORNEO
201,KACA LAS HITAM NO.9 ,UPE - CUTTING STOCK, PCS,"Rp5,000", BORNEO
202,"CUTTING 4"" - STEEL",UPE - CUTTING STOCK, PCS,"Rp2,500", BORNEO
203,KABEL NYAF 0.5 - BIRU,076/25,ROLL,"Rp260,000", JB ELEKTRIK
204,"POLES 4"" - NRS",UPE - CUTING TOOLS, PCS,"Rp11,000", BORNEO
205,"FLAPDISC 4"" - GR  100",UPE - CUTING TOOLS, PCS,"Rp8,000", BORNEO
206,TAP MATIC - YECOA,UPE - CUTING TOOLS,KLG,"Rp76,000", BORNEO
207,"SARUNG TANGAN ABU"" - 5B",UPE - CUTING TOOLS,LSN,"Rp19,000", BORNEO
208,MC GERINDA TANGAN - M0900B,UPE - ALAT KERJA,SET,"Rp375,000", BORNEO
209,"KAWAT LAS ARGON TGS-50 ∅2,0",074/25,KG,"Rp125,000", BORNEO
210,Sealant putih : 2 btl,Pos TL CBU SIM GIIC,BTL,"Rp25,000", BORNEO
211,Paku ripet 4mm,Pos TL CBU SIM GIIC, PCS,Rp250, BORNEO
212,"Grendel + gembok 4""",Pos TL CBU SIM GIIC, PCS,"Rp51,000", BORNEO
213,Dempul Sanpolac 1kg,Pos TL CBU SIM GIIC,SET,"Rp60,000", BORNEO
214,Kape dempul - PVC,Pos TL CBU SIM GIIC, PCS,"Rp3,000", BORNEO
215,Cat Ftalite BRIGHT GREEN,Pos TL CBU SIM GIIC,KLG,"Rp80,000", BORNEO
216,LONG DRAT M14 HITAM,ADM measuring, PCS,"Rp55,000", BORNEO
217,TRIPLEK MELAMIN 3mm,Pos TL CBU SIM GIIC,LBR,"Rp140,000", INDAH JAYA
218,BAUT JP M4X10 GALV,074/25, PCS,Rp100, BORNEO
219,STOPER BESI,074/25,PCS,"Rp2,000", GMP/JB
220,KERTAS A4,UPE - OFFICE,RIM,"Rp38,000", LOTUS
221,TUBBING ADDRES ∅3mm,074/25, MTR,"Rp4,500", OMEGA/JB/GMP
222,TB BLOK FJD-15W TINGKAT,074/25, PCS,"Rp5,600", GMP/JB
223,"ENGSEL KUPU"" 2"" SOLIDGEN",074/25,SET,"Rp15,000", INDAH JAYA
224,ENDMIL CARBIDE ⌀10 - 2 FLUTE - SECOND,UPE - MACHINING,PCS,"Rp200,000", ELOK/LAMPURA
225,"CUTTING 4"" - STEEL",UPE - CUTTING TOOLS,PCS,"Rp2,500", BORNEO
226,"CUTTING 16"" - NRS",UPE - CUTTING TOOLS,PCS,"Rp60,000", BORNEO
227,KABEL DUCT 33X66,076/25,BTG,"Rp40,000", GMP/JB
228,B L SUS M12X30 RVRP,076/25,PCS,"Rp8,900", BORNEO
229,NUT M12 SUS,076/25,PCS,"Rp4,000", BORNEO
230,B L SUS M5X10 RVRP,076/25,PCS,"Rp2,000", BORNEO
231,B L SUS M6X15 RVRP,076/25,PCS,"Rp1,800", BORNEO
232,B L SUS M5X35 RVRP,076/25,PCS,"Rp2,500", BORNEO
233,B L SUS M5X15 RVRP,076/25,PCS,"Rp2,100", BORNEO
234,B L SUS M4X10 RVRP,076/25,PCS,"Rp1,800", BORNEO
235,B L SUS M6X20 RVRP,076/25,PCS,"Rp2,500", BORNEO
236,B L SUS M6X25 RVRP,076/25,PCS,"Rp2,500", BORNEO
237,B L SUS M8X15 RVRP,076/25,PCS,"Rp3,500", BORNEO
238,B L SUS M8X35 RVRP,076/25,PCS,Rp300, BORNEO
239,"KAWAT LAS ARGON ⌀1,6 - TGS50",074/25,KG,"Rp115,000", BORNEO
240,ODNER A4 - HTM,UPE - OFFICE,PCS,"Rp35,000", LOTUS
241,"ULTRAFLEX 4"" - AC",UPE - CUTTING STOCK,PCS,"Rp8,000", BORNEO
242,CB-459 - MAKITA,UPE - CUTTING STOCK,PCS,"Rp30,000", BORNEO
243,B L SUS M8X15 RVRP,076/25, PCS,"Rp3,500", BORNEO
244,RED SILICON - UKURAN PASTA,076/25,PCS,"Rp18,000", BORNEO
245,KUNCI L 4mm,UPE - FABRIKASI,PCS,"Rp15,000", BORNEO
246,KERTAS A4 - COPY PAPPER,UPE - OFFICE,RIM,"Rp38,000", LOTUS
247,ISI CUTTER BESAR,UPE - OFFICE,PAK,"Rp7,000", LOTUS
248,MATA BOR ⌀4.5 NACHI,UPE - CUTTING STOCK,PCS,"Rp25,000", BORNEO
249,MATA BOR ⌀5 NACHI,UPE - CUTTING STOCK,PCS,"Rp29,000", BORNEO
250,MATA BOR ⌀6 NACHI,UPE - CUTTING STOCK,PCS,"Rp39,180", BORNEO
251,MATA BOR ⌀6.8 NACHI,UPE - CUTTING STOCK,PCS,"Rp59,581", BORNEO
252,MATA BOR ⌀8 NACHI,UPE - CUTTING STOCK,PCS,"Rp61,828", BORNEO
253,MATA BOR ⌀8.5 NACHI,UPE - CUTTING STOCK,PCS,"Rp73,816", BORNEO
254,MATA BOR ⌀10 NACHI,UPE - CUTTING STOCK,PCS,"Rp102,598", BORNEO
255,"SOK DRAT 1"" BIASA",073/25, PCS,"Rp35,000", BORNEO
256,LONGDRAT M6 galv,073/25,BTG,"Rp7,000", BORNEO
257,NUT M6 galv,073/25,PCS,Rp800, BORNEO
258,MATA BOR ⌀4.5 NACHI,UPE - CUTTING STOCK,PCS,"Rp25,000", BORNEO
259,MATA BOR ⌀6 NACHI,UPE - CUTTING STOCK,PCS,"Rp39,180", BORNEO
260,MATA BOR ⌀10 NACHI,UPE - CUTTING STOCK,PCS,"Rp102,598", BORNEO
261,BATERAI JAM UNTUK KALIPER (SAMPLE) ,UPE - CUTTING STOCK,PCS,"Rp5,000", IDOLA
262,"CUTTING 4"" - STEEL",UPE - CUTTING STOCK, PCS,"Rp2,500", BORNEO
263,"ULTRAFLEX 4"" AC",UPE - CUTTING STOCK, PCS,"Rp8,000", BORNEO
264,"FLAPDISC 4"" #100",UPE - CUTTING STOCK, PCS,"Rp8,000", BORNEO
265,"SARUNG TANGAN ABU""",UPE - CUTTING STOCK,LSN,"Rp19,000", BORNEO
266,"LAKBAN KERTAS 1""",UPE - CUTTING STOCK, PCS,"Rp8,000", BORNEO
267,"LAKBAN KERTAS 2""",UPE - CUTTING STOCK, PCS,"Rp10,000", BORNEO
268,B L SUS M5X7 (/10) + RV + RP,076/25, PCS,"Rp2,000", SUMBER JAYA BAUT
269,HAND TAP M8 - SECOND,UPE - MACHINING,PCS,"Rp35,000", ELOK/LAMPURA
270,SIL TIP ONDA,UPE - CUTTING STOCK,PCS,"Rp5,000", BORNEO
271,MATERAI 10.000,UPE - OFFICE, PCS,"Rp11,000", LOTUS
272,LIS U ALUMUNIUM 3/8”,POS TL CBU,BTG,"Rp40,000", MIKO ALUMUNIUM
273,HAND TAP M5 - second,UPE - MACHINING, PCS,"Rp25,000", ELOK/LAMPURA
274,MATABOR RECOIL M5 + RECOIL NEW,UPE - MACHINING, PCS,"Rp195,000", BORNEO
275,"SOK DRAT SUS 1""",076/25, PCS,"Rp35,000", BORNEO
276,"SOK DRAT SUS 1"" 1/4”",076/25, PCS,"Rp45,000", BORNEO
277,ODNER A4 - HTM,UPE - OFFICE,PCS,"Rp35,000", LOTUS
278,B L M6X20 RV RP HTM,074/25,PCS,Rp650, BORNEO
279,SIL TIP ONDA,076/25,PCS,"Rp5,000", BORNEO
280,THINNER IMPALA,076/25,GLN,"Rp145,000", BORNEO/INDAH JAYA
281,CAT NIPPE 2000 - BALTIC WHITE,074/25,KLG,"Rp95,000", BORNEO/INDAH JAYA
282,SPROCKET 50-17-1R,073/25, PCS,"Rp44,100", SETIAWAN TEKNIK
283,MATABOR RECOIL M5 + RECOIL NEW,UPE - MACHINING, PCS,"Rp200,000", BORNEO
284,"CUTTING 4"" STEEL",UPE - CUTTING STOCK, PCS,"Rp2,500", BORNEO
285,"POLES 4"" NRS",UPE - CUTTING STOCK, PCS,"Rp11,000", BORNEO
286,"ULTRAFLEX 4""",UPE - CUTTING STOCK, PCS,"Rp8,000", BORNEO
287,B JP M5X10 GALV,073/25, PCS,Rp100, BORNEO
288,B L M10X30 RV RP HTM,074/25, PCS,"Rp2,050", BORNEO
289,B L M8X20 RV RP HTM,074/25, PCS,"Rp1,100", BORNEO
290,B L M8X15 RV RP HTM,074/25, PCS,"Rp1,150", BORNEO
291,SPROCKET 50-18-1R,073/25, PCS,"Rp52,200", SETIAWAN TEKNIK
292,"PUSHLOCK PANEL 4""",073/25 & 074/25,SET,"Rp88,000", BORNEO
293,MATA BOR DIA.12 NACHI,UPE - CUTTING STOCK, PCS,"Rp150,814", BORNEO
294,"REFIL ROL CAT 4""",UPE - CUTTING STOCK, PCS,"Rp10,000", BORNEO/INDAH JAYA
295,CAT  NIPPE EPOXY ,002/26,KG,"Rp95,000", BORNEO/INDAH JAYA
296,CAT NIPPE 2000 - TAXI YELLOW,002/26,KG,"Rp95,000", BORNEO/INDAH JAYA
297,THINNER NIPPE - 1 LTR,002/26,KLG,"Rp33,000", BORNEO/INDAH JAYA
298,RELAY MY4N + SOCKET,002/26,SET,"Rp48,000", GMP LIPPO
299,GLAN PLASTIK - PG 16 PUTIH,074/25, PCS,"Rp3,000", OMEGA TEKNIK
300,GLAN PLASTIK - PG 21 PUTIH,074/25, PCS,"Rp4,500", OMEGA TEKNIK
301,MARKING TUBE 3mm PUTIH,073/25,MTR,"Rp4,500", OMEGA TEKNIK
302,AWG 22 BIRU,073/25,ROLL,"Rp159,000", CIKARANG LISTRIK
303,B L M10X40 RV RP HTM,074/25,PCS,"Rp2,188", ANEKA BAUT
304,B JP M4X10 GALV,075/25, PCS,Rp100, ANEKA BAUT
305,AWG 22 BIRU,073/25,ROLL,"Rp159,000", CIKARANG LISTRIK
306,SPIRAL KS - 8,074/25,PAK,"Rp18,000", BORNEO
307,SKUN JUMPER TERMINAL BLOCK KAKI 6,073/25,PCS,"Rp5,000", GMP
308,REGULATOR CO2 - ASANO,UPE - FABRIKASI,SET,"Rp160,000", BORNEO
309,"MATA BOR NACHI - DIA. 5,2",UPE - MACHINING,PCS,#ERROR!, BORNEO
310,"CUTTING 4"" - STEEL",UPE - CUTTING STOCK,PCS,"Rp2,500", BORNEO
311,"POLES 4"" - NRS",UPE - CUTTING STOCK,PCS,"Rp11,000", BORNEO
312,"ULTRAFLEX 4""",UPE - CUTTING STOCK,PCS,"Rp8,000", BORNEO
313,"CUTTING WHEEL 16""",UPE - CUTTING STOCK,PCS,"Rp60,000", BORNEO
314,MASKER - HITAM,UPE - CUTTING STOCK,BOX,"Rp20,000", BORNEO
315,HOLE SAW DIA.30,UPE - ELEKTRIK,SET,"Rp45,000", BORNEO
316,B COUNTERSINK M4X10 HITAM,074/25, PCS,Rp200, BORNEO
317,B COUNTERSINK M6X10 HITAM,074/25, PCS,Rp400, BORNEO
318,NUT M5 HITAM,074/25, PCS,Rp350, SUMBER JAYA BAUT
319,NUT M6 HITAM,074/25, PCS,Rp200, ANEKA BAUT
320,NUT M8 HITAM,074/25, PCS,Rp400, ANEKA BAUT
321,NUT M10 PUTIH,074/25, PCS,Rp250, ANEKA BAUT
322,NUT M5 HITAM,074/25, PCS,Rp350, SUMBER JAYA BAUT
323,LIMIT SWITCH SAIKO D4MC-2000,073/25 & 074/25, PCS,"Rp40,000", GMP LIPPO
324,"LAKBAN KERTAS 1""",UPE, PCS,"Rp8,000", BORNEO
325,"KUAS 2""",UPE, PCS,"Rp5,000", BORNEO
326,"POLES 4"" - I-PRIX",UPE,PCS,"Rp5,000", BORNEO
327,"FLEXSIBLE 4"" AC - I-PRIX",UPE,PCS,"Rp6,000", BORNEO
328,"CUTTING 4"" - I-PRIX",UPE,PCS,"Rp2,500", BORNEO
329,HAND TAP M4 - YAMAWA NEW - BARU,UPE,SET,"Rp222,500", BORNEO
330,KABEL AWG 22 - BIRU,073/25,ROLL,"Rp159,000",CIKARANG LISTRIK
331,"FLEXSIBLE CONDUIT 1/2""",073/25,ROLL,"Rp401,500",GMP LIPPO
332,"FLEXSIBLE CONDUIT 3/4""",073/25,ROLL,"Rp484,000",GMP LIPPO
333,JUNCTION BOX - TIBOX - TJ10P,073/25,PCS,"Rp152,000",GMP LIPPO
334,"KABEL NYAF BIRU 1X0,5",073/25,ROLL,"Rp209,500",GMP LIPPO
335,SKUN JUMPER - KAKI 6,073/25,PCS,"Rp5,000",GMP LIPPO
336,"MATA GERINDA CUTTING 4"" - STEEL",UPE - CUTTING STOCK,PCS,"Rp2,500",BORNEO
337,"MATA GERINDA POLES 4"" - NRS",UPE - CUTTING STOCK,PCS,"Rp11,000",BORNEO
338,"LAKBAN KERTAS 1"" - DAIMARU",UPE - CUTTING STOCK,PCS,"Rp8,000",BORNEO
339,"DOUBLE NEPPLE GALV - 1/4""",076/25,PCS,"Rp15,000",HOKI JAYA HOSINDO
340,RUMPUT GAJAH,UPE - HALAMAN DEPAN,MTR,"Rp50,000",TOKO TANAMAN
341,SNAPRING E4,076/25,PCS,Rp600,MITRA BAUT
342,TAP M4 YAMAWA - ISI 3,UPE - STOCK,SET,"Rp222,500",BORNEO
343,"MATA BOR DIA. 5,2 - NACHI",UPE - STOCK,PCS,"Rp42,079",BORNEO
344,RUMPUT GAJAH,UPE - HALAMAN DEPAN,MTR,"Rp50,000",TOKO TANAMAN
345,SNAPRING E4,076/25,PCS,Rp600,MITRA BAUT
346,TAP M4 YAMAWA - ISI 3,UPE - STOCK,SET,"Rp222,500",BORNEO
347,"MATA BOR DIA. 5,2 - NACHI",UPE - STOCK,PCS,"Rp42,079",BORNEO
348,TAP M5 YAMAWA - TAP MESIN,UPE - STOCK,PCS,"Rp105,000",BORNEO
349,SKUN Y - 1.25 -3 YSA,075/25,SET,"Rp22,000",GMP / OMEGA
350,CABLE AWG 22 - BLUE,075/25,ROLL,"Rp159,000",CIKARANG LISTRIK
351,THINNER NIPPE - 1 LTR,TTEC,KLG,"Rp34,000",INDAH JAYA
352,ISOLASI NITO HITAM,UPE,PCS,"Rp9,000",BORNEO
353,CAT NIPPE 2000 - TAXI YELLOW,TTEC,KLG,"Rp95,000",INDAH JAYA
354,MATA BOR DIA. 6 - NACHI,UPE - STOCK,PCS,"Rp47,780",BORNEO
355,"MATA BOR DIA. 6,8 - NACHI",UPE - STOCK,PCS,"Rp72,660",BORNEO
356,TERMINAL BLOCK - FJD15 W,075/25,PCS,"Rp5,500",GMP
357,ENG PLATE - FJD15W1.2,075/25,PCS,"Rp2,000",GMP
358,STOPPER BESI,075/25,PCS,"Rp2,000",GMP
359,"CABLE JEMBO NYAF 1 X 0,5 BLUE",075/25,ROLL,"Rp209,500",GMP
360,B L M3X15 RV RP SUS,076/25,PCS,"Rp1,800",BORNEO
361,B L BUTTONHEAD M5X10 SUS,076/25,PCS,"Rp2,100",BORNEO
362,B HEX M8X50 HITAM / PUTIH,073/25,PCS,"Rp1,050",BORNEO
363,B L M6X25 RV RP HITAM,073/25,PCS,Rp500,BORNEO
364,B L M6X15 RV RP HITAM,073/25,PCS,Rp833,BORNEO
365,B L M6X20 RV RP HITAM,073/25,PCS,Rp650,BORNEO
366,B L M6X10 RV RP HITAM,073/25,PCS,Rp500,BORNEO
367,B L M8X15 RV RP HITAM,073/25,PCS,"Rp1,050",BORNEO
368,B L M8X15 RV RP HITAM,073/25,PCS,"Rp1,050",BORNEO
369,B L M10X15 RV RP HITAM,073/25,PCS,"Rp2,000",BORNEO
370,B BUTTONHEAD M10X15 HITAM,073/25,PCS,"Rp2,000",BORNEO
371,B L M4X10 RV RP HITAM,073/25,PCS,Rp500,BORNEO
372,PILOX HITAM DOFF,073/25,KLG,"Rp33,000",INDAH JAYA
373,B L M5X10 HITAM,074/25,PCS,Rp500,BORNEO
374,SET SCREW M6X20,074/25,PCS,"Rp1,000",BORNEO
375,SET SCREW M8X20,074/25,PCS,"Rp1,200",BORNEO
376,KAWAT LAS RB 26 DIA. 2.6,UPE - STOCK,PACK,"Rp150,000",BORNEO
377,CONNECTOR LAS (SAMPLE),UPE - STOCK,SET,"Rp20,000",BORNEO
378,SNAI M6X1 - SKC/TEKIRO,076/25,PCS,"Rp50,000",BORNEO
379,"MATA BOR DIA. 4,2 - NACHI",UPE - STOCK,PCS,"Rp34,460",BORNEO
380,MATERAI 10.000,UPE - OFFICE,PCS,"Rp11,000",LOTUS
381,CLIP KERTAS,UPE - OFFICE,PACK,"Rp10,000",LOTUS
382,B L M6X10 RV RP SUS,076/25,PCS,Rp700,BORNEO
383,INSULATOR 350A,UPE - STOCK,PCS,"Rp28,000",TOKO 8
384,CONNICAL NOZZLE LAS 350A,UPE - STOCK,PCS,"Rp35,000",TOKO 8
385,TIP HOLDER 350A DRAT LUAR,UPE - STOCK,PCS,"Rp23,000",TOKO 8
386,CONTACTIP 0.8mm,UPE - STOCK,PCS,"Rp11,000",TOKO 8
387,INSHERT BUBUT ,UPE - MACHINING,PCS,"Rp19,000",ELOK/LAMPURA
388,MATA BOR DIA. 5 - NACHI,UPE - STOCK,PCS,"Rp36,500",BORNEO
389,"CUTTING 4"" - STEEL",PIPA AIR BERSIH - ASA,PCS,"Rp2,500",BORNEO
390,"FLAPDISC 4"" #100 - TAIYO",UPE - STOCK,PCS,"Rp8,000",BORNEO
391,EYEBOLT M6 - GALV,075/25,PCS,"Rp11,000",SUMBER JAYA 
392,B L M8X15 RV RP HTM,074/25,PCS,"Rp1,300",BORNEO
393,"SIL KARET 1 1/4""",076/25,PCS,"Rp4,000",SENTRA SEAL